ons_id,Parliamentary Constituency,Country,WinningParty2017,WinningParty2019,Majority2017,Majority2019
W07000049,Aberavon,Wales,Lab,Lab,16761,10490
W07000058,Aberconwy,Wales,Con,Con,635,2034
S14000001,Aberdeen North,Scotland,SNP,SNP,4139,12670
S14000002,Aberdeen South,Scotland,Con,SNP,4752,3990
S14000003,Airdrie and Shotts,Scotland,SNP,SNP,195,5201
E14000530,Aldershot,England,Con,Con,11473,16698
E14000531,Aldridge-Brownhills,England,Con,Con,14307,19836
E14000532,Altrincham and Sale West,England,Con,Con,6426,6139
W07000043,Alyn and Deeside,Wales,Lab,Lab,5235,213
E14000533,Amber Valley,England,Con,Con,8300,16886
S14000004,Angus,Scotland,Con,SNP,2645,3795
W07000057,Arfon,Wales,PC,PC,92,2781
S14000005,Argyll and Bute,Scotland,SNP,SNP,1328,4110
E14000534,Arundel and South Downs,England,Con,Con,23883,22521
E14000535,Ashfield,England,Lab,Con,441,5733
E14000536,Ashford,England,Con,Con,17478,24029
E14000537,Ashton-under-Lyne,England,Lab,Lab,11295,4263
E14000538,Aylesbury,England,Con,Con,14656,17373
S14000006,"Ayr, Carrick and Cumnock",Scotland,Con,SNP,2774,2329
E14000539,Banbury,England,Con,Con,12399,16813
S14000007,Banff and Buchan,Scotland,Con,Con,3693,4118
E14000540,Barking,England,Lab,Lab,21608,15427
E14000541,Barnsley Central,England,Lab,Lab,15546,3571
E14000542,Barnsley East,England,Lab,Lab,13283,3217
E14000543,Barrow and Furness,England,Lab,Con,209,5789
E14000544,Basildon and Billericay,England,Con,Con,13400,20412
E14000545,Basingstoke,England,Con,Con,9466,14198
E14000546,Bassetlaw,England,Lab,Con,4852,14013
E14000547,Bath,England,LD,LD,5694,12322
E14000548,Batley and Spen,England,Lab,Lab,8961,3525
E14000549,Battersea,England,Lab,Lab,2416,5668
E14000550,Beaconsfield,England,Con,Con,24543,15712
E14000551,Beckenham,England,Con,Con,15087,14258
E14000552,Bedford,England,Lab,Lab,789,145
N06000001,Belfast East,Northern Ireland,DUP,DUP,8474,1819
N06000002,Belfast North,Northern Ireland,DUP,SF,2081,1943
N06000003,Belfast South,Northern Ireland,DUP,SDLP,1996,15401
N06000004,Belfast West,Northern Ireland,SF,SF,21652,14672
E14000553,Bermondsey and Old Southwark,England,Lab,Lab,12972,16126
S14000008,"Berwickshire, Roxburgh and Selkirk",Scotland,Con,Con,11060,5148
E14000554,Berwick-upon-Tweed,England,Con,Con,11781,14835
E14000555,Bethnal Green and Bow,England,Lab,Lab,35393,37524
E14000556,Beverley and Holderness,England,Con,Con,14042,20448
E14000557,Bexhill and Battle,England,Con,Con,22165,26059
E14000558,Bexleyheath and Crayford,England,Con,Con,9073,13103
E14000559,Birkenhead,England,Lab,Lab,25514,17705
E14000560,"Birmingham, Edgbaston",England,Lab,Lab,6917,5614
E14000561,"Birmingham, Erdington",England,Lab,Lab,7285,3601
E14000562,"Birmingham, Hall Green",England,Lab,Lab,33944,28508
E14000563,"Birmingham, Hodge Hill",England,Lab,Lab,31026,28655
E14000564,"Birmingham, Ladywood",England,Lab,Lab,28714,28582
E14000565,"Birmingham, Northfield",England,Lab,Con,4667,1640
E14000566,"Birmingham, Perry Barr",England,Lab,Lab,18383,15317
E14000567,"Birmingham, Selly Oak",England,Lab,Lab,15207,12414
E14000568,"Birmingham, Yardley",England,Lab,Lab,16574,10659
E14000569,Bishop Auckland,England,Lab,Con,502,7962
E14000570,Blackburn,England,Lab,Lab,20368,18304
E14000571,Blackley and Broughton,England,Lab,Lab,19601,14402
E14000572,Blackpool North and Cleveleys,England,Con,Con,2023,8596
E14000573,Blackpool South,England,Lab,Con,2523,3690
W07000072,Blaenau Gwent,Wales,Lab,Lab,11907,8647
E14000574,Blaydon,England,Lab,Lab,13477,5531
E14000575,Blyth Valley,England,Lab,Con,7915,712
E14000576,Bognor Regis and Littlehampton,England,Con,Con,17494,22503
E14000577,Bolsover,England,Lab,Con,5288,5299
E14000578,Bolton North East,England,Lab,Con,3797,378
E14000579,Bolton South East,England,Lab,Lab,13126,7598
E14000580,Bolton West,England,Con,Con,936,8855
E14000581,Bootle,England,Lab,Lab,36200,34556
E14000582,Boston and Skegness,England,Con,Con,16572,25621
E14000583,Bosworth,England,Con,Con,18351,26278
E14000584,Bournemouth East,England,Con,Con,7937,8806
E14000585,Bournemouth West,England,Con,Con,7711,10150
E14000586,Bracknell,England,Con,Con,16016,19829
E14000587,Bradford East,England,Lab,Lab,20540,18144
E14000588,Bradford South,England,Lab,Lab,6700,2346
E14000589,Bradford West,England,Lab,Lab,21902,27019
E14000590,Braintree,England,Con,Con,18422,24673
W07000068,Brecon and Radnorshire,Wales,Con,Con,8038,7131
E14000591,Brent Central,England,Lab,Lab,27997,20870
E14000593,Brentford and Isleworth,England,Lab,Lab,12182,10514
E14000592,Brent North,England,Lab,Lab,17061,8079
E14000594,Brentwood and Ongar,England,Con,Con,24002,29065
W07000073,Bridgend,Wales,Lab,Con,4700,1157
E14000595,Bridgwater and West Somerset,England,Con,Con,15448,24439
E14000596,Brigg and Goole,England,Con,Con,12363,21941
E14000597,"Brighton, Kemptown",England,Lab,Lab,9868,8061
E14000598,"Brighton, Pavilion",England,Green,Green,14699,19940
E14000599,Bristol East,England,Lab,Lab,13394,10794
E14000600,Bristol North West,England,Lab,Lab,4761,5692
E14000601,Bristol South,England,Lab,Lab,15987,9859
E14000602,Bristol West,England,Lab,Lab,37336,28219
E14000603,Broadland,England,Con,Con,15816,21861
E14000604,Bromley and Chislehurst,England,Con,Con,9590,10891
E14000605,Bromsgrove,England,Con,Con,16573,23106
E14000606,Broxbourne,England,Con,Con,15792,19807
E14000607,Broxtowe,England,Con,Con,863,5331
E14000608,Buckingham,England,Spk,Con,25725,20411
E14000609,Burnley,England,Lab,Con,6353,1352
E14000610,Burton,England,Con,Con,10047,14496
E14000611,Bury North,England,Lab,Con,4375,105
E14000612,Bury South,England,Lab,Con,5965,402
E14000613,Bury St Edmunds,England,Con,Con,18441,24988
W07000076,Caerphilly,Wales,Lab,Lab,12078,6833
S14000009,"Caithness, Sutherland and Easter Ross",Scotland,LD,LD,2044,204
E14000614,Calder Valley,England,Con,Con,609,5774
E14000615,Camberwell and Peckham,England,Lab,Lab,37316,33780
E14000616,Camborne and Redruth,England,Con,Con,1577,8700
E14000617,Cambridge,England,Lab,Lab,12661,9639
E14000618,Cannock Chase,England,Con,Con,8391,19879
E14000619,Canterbury,England,Lab,Lab,187,1836
W07000050,Cardiff Central,Wales,Lab,Lab,17196,17179
W07000051,Cardiff North,Wales,Lab,Lab,4174,6982
W07000080,Cardiff South and Penarth,Wales,Lab,Lab,14864,12737
W07000079,Cardiff West,Wales,Lab,Lab,12551,10986
E14000620,Carlisle,England,Con,Con,2599,8319
W07000067,Carmarthen East and Dinefwr,Wales,PC,PC,3908,1809
W07000066,Carmarthen West and South Pembrokeshire,Wales,Con,Con,3110,7745
E14000621,Carshalton and Wallington,England,LD,Con,1369,629
E14000622,Castle Point,England,Con,Con,18872,26634
S14000010,Central Ayrshire,Scotland,SNP,SNP,1267,5304
E14000623,Central Devon,England,Con,Con,15680,17721
E14000624,Central Suffolk and North Ipswich,England,Con,Con,17185,23391
W07000064,Ceredigion,Wales,PC,PC,104,6329
E14000625,Charnwood,England,Con,Con,16341,22397
E14000626,Chatham and Aylesford,England,Con,Con,10458,18540
E14000627,Cheadle,England,Con,Con,4507,2336
E14000628,Chelmsford,England,Con,Con,13572,17621
E14000629,Chelsea and Fulham,England,Con,Con,8188,11241
E14000630,Cheltenham,England,Con,Con,2569,981
E14000631,Chesham and Amersham,England,Con,Con,22140,16223
E14000632,Chesterfield,England,Lab,Lab,9605,1451
E14000633,Chichester,England,Con,Con,22621,21490
E14000634,Chingford and Woodford Green,England,Con,Con,2438,1262
E14000635,Chippenham,England,Con,Con,16630,11288
E14000636,Chipping Barnet,England,Con,Con,353,1212
E14000637,Chorley,England,Lab,Spk,7512,17392
E14000638,Christchurch,England,Con,Con,25171,24617
E14000639,Cities of London and Westminster,England,Con,Con,3148,3953
E14000640,City of Chester,England,Lab,Lab,9176,6164
E14000641,City of Durham,England,Lab,Lab,12364,5025
E14000642,Clacton,England,Con,Con,15828,24702
E14000643,Cleethorpes,England,Con,Con,10400,21418
W07000062,Clwyd South,Wales,Lab,Con,4356,1239
W07000059,Clwyd West,Wales,Con,Con,3437,6747
S14000011,"Coatbridge, Chryston and Bellshill",Scotland,Lab,SNP,1586,5624
E14000644,Colchester,England,Con,Con,5677,9423
E14000645,Colne Valley,England,Lab,Con,915,5103
E14000646,Congleton,England,Con,Con,12619,18561
E14000647,Copeland,England,Con,Con,1695,5842
E14000648,Corby,England,Con,Con,2690,10268
E14000649,Coventry North East,England,Lab,Lab,15580,7692
E14000650,Coventry North West,England,Lab,Lab,8580,208
E14000651,Coventry South,England,Lab,Lab,7947,401
E14000652,Crawley,England,Con,Con,2457,8360
E14000653,Crewe and Nantwich,England,Lab,Con,48,8508
E14000654,Croydon Central,England,Lab,Lab,5652,5949
E14000655,Croydon North,England,Lab,Lab,32365,24673
E14000656,Croydon South,England,Con,Con,11406,12339
S14000012,"Cumbernauld, Kilsyth and Kirkintilloch East",Scotland,SNP,SNP,4264,12976
W07000070,Cynon Valley,Wales,Lab,Lab,13238,8822
E14000657,Dagenham and Rainham,England,Lab,Lab,4652,293
E14000658,Darlington,England,Lab,Con,3280,3294
E14000659,Dartford,England,Con,Con,13186,19160
E14000660,Daventry,England,Con,Con,21734,26080
W07000042,Delyn,Wales,Lab,Con,4240,865
E14000661,Denton and Reddish,England,Lab,Lab,14077,6175
E14000662,Derby North,England,Lab,Con,2015,2540
E14000664,Derbyshire Dales,England,Con,Con,14327,17381
E14000663,Derby South,England,Lab,Lab,11248,6019
E14000665,Devizes,England,Con,Con,21136,23993
E14000666,Dewsbury,England,Lab,Con,3321,1561
E14000668,Doncaster Central,England,Lab,Lab,10131,2278
E14000669,Doncaster North,England,Lab,Lab,14024,2370
E14000667,Don Valley,England,Lab,Con,5169,3630
E14000670,Dover,England,Con,Con,6437,12278
E14000671,Dudley North,England,Lab,Con,22,11533
E14000672,Dudley South,England,Con,Con,7730,15565
E14000673,Dulwich and West Norwood,England,Lab,Lab,28156,27310
S14000013,Dumfries and Galloway,Scotland,Con,Con,5643,1805
S14000014,"Dumfriesshire, Clydesdale and Tweeddale",Scotland,Con,Con,9441,3781
S14000015,Dundee East,Scotland,SNP,SNP,6645,13375
S14000016,Dundee West,Scotland,SNP,SNP,5262,12259
S14000017,Dunfermline and West Fife,Scotland,SNP,SNP,844,10699
W07000061,Dwyfor Meirionnydd,Wales,PC,PC,4850,4740
E14000674,Ealing Central and Acton,England,Lab,Lab,13807,13300
E14000675,Ealing North,England,Lab,Lab,19693,12269
E14000676,"Ealing, Southall",England,Lab,Lab,22090,16084
E14000677,Easington,England,Lab,Lab,14892,6581
N06000005,East Antrim,Northern Ireland,DUP,DUP,15923,6706
E14000684,Eastbourne,England,LD,Con,1609,4331
E14000678,East Devon,England,Con,Con,8036,6708
S14000018,East Dunbartonshire,Scotland,LD,SNP,5339,149
E14000679,East Ham,England,Lab,Lab,39883,33176
E14000680,East Hampshire,England,Con,Con,25852,19696
S14000019,"East Kilbride, Strathaven and Lesmahagow",Scotland,SNP,SNP,3866,13322
E14000685,Eastleigh,England,Con,Con,14179,15607
N06000006,East Londonderry,Northern Ireland,DUP,DUP,8842,9607
S14000020,East Lothian,Scotland,Lab,SNP,3083,3886
S14000021,East Renfrewshire,Scotland,Con,SNP,4712,5426
E14000681,East Surrey,England,Con,Con,23914,24040
E14000682,East Worthing and Shoreham,England,Con,Con,5106,7474
E14000683,East Yorkshire,England,Con,Con,15006,22787
E14000686,Eddisbury,England,Con,Con,11942,18443
S14000022,Edinburgh East,Scotland,SNP,SNP,3425,10417
S14000023,Edinburgh North and Leith,Scotland,SNP,SNP,1625,12808
S14000024,Edinburgh South,Scotland,Lab,Lab,15514,11095
S14000025,Edinburgh South West,Scotland,SNP,SNP,1097,11982
S14000026,Edinburgh West,Scotland,LD,LD,2988,3769
E14000687,Edmonton,England,Lab,Lab,21115,16015
E14000688,Ellesmere Port and Neston,England,Lab,Lab,11390,8764
E14000689,Elmet and Rothwell,England,Con,Con,9805,17353
E14000690,Eltham,England,Lab,Lab,6296,3197
E14000691,Enfield North,England,Lab,Lab,10247,6492
E14000692,"Enfield, Southgate",England,Lab,Lab,4355,4450
E14000693,Epping Forest,England,Con,Con,18243,22173
E14000694,Epsom and Ewell,England,Con,Con,20475,17873
E14000695,Erewash,England,Con,Con,4534,10606
E14000696,Erith and Thamesmead,England,Lab,Lab,10014,3758
E14000697,Esher and Walton,England,Con,Con,23298,2743
E14000698,Exeter,England,Lab,Lab,16117,10403
S14000028,Falkirk,Scotland,SNP,SNP,4923,14948
E14000699,Fareham,England,Con,Con,21555,26086
E14000700,Faversham and Mid Kent,England,Con,Con,17413,21976
E14000701,Feltham and Heston,England,Lab,Lab,15603,7859
N06000007,Fermanagh and South Tyrone,Northern Ireland,SF,SF,875,57
E14000702,Filton and Bradley Stoke,England,Con,Con,4190,5646
E14000703,Finchley and Golders Green,England,Con,Con,1657,6562
E14000704,Folkestone and Hythe,England,Con,Con,15411,21337
E14000705,Forest of Dean,England,Con,Con,9502,15869
N06000008,Foyle,Northern Ireland,SF,SDLP,169,17110
E14000706,Fylde,England,Con,Con,11805,16611
E14000707,Gainsborough,England,Con,Con,17023,22967
E14000708,Garston and Halewood,England,Lab,Lab,32149,31624
E14000709,Gateshead,England,Lab,Lab,17350,7200
E14000710,Gedling,England,Lab,Con,4694,679
E14000711,Gillingham and Rainham,England,Con,Con,9430,15119
S14000029,Glasgow Central,Scotland,SNP,SNP,2267,6474
S14000030,Glasgow East,Scotland,SNP,SNP,75,5566
S14000031,Glasgow North,Scotland,SNP,SNP,1060,5601
S14000032,Glasgow North East,Scotland,Lab,SNP,242,2548
S14000033,Glasgow North West,Scotland,SNP,SNP,2561,8359
S14000034,Glasgow South,Scotland,SNP,SNP,2027,9005
S14000035,Glasgow South West,Scotland,SNP,SNP,60,4900
S14000036,Glenrothes,Scotland,SNP,SNP,3267,11757
E14000712,Gloucester,England,Con,Con,5520,10277
S14000037,Gordon,Scotland,Con,SNP,2607,819
E14000713,Gosport,England,Con,Con,17211,23278
W07000046,Gower,Wales,Lab,Lab,3269,1837
E14000714,Grantham and Stamford,England,Con,Con,20094,26003
E14000715,Gravesham,England,Con,Con,9347,15581
E14000716,Great Grimsby,England,Lab,Con,2565,7331
E14000717,Great Yarmouth,England,Con,Con,7973,17663
E14000718,Greenwich and Woolwich,England,Lab,Lab,20714,18464
E14000719,Guildford,England,Con,Con,17040,3337
E14000720,Hackney North and Stoke Newington,England,Lab,Lab,35139,33188
E14000721,Hackney South and Shoreditch,England,Lab,Lab,37931,33985
E14000722,Halesowen and Rowley Regis,England,Con,Con,5253,12074
E14000723,Halifax,England,Lab,Lab,5376,2569
E14000724,Haltemprice and Howden,England,Con,Con,15405,20329
E14000725,Halton,England,Lab,Lab,25405,18975
E14000726,Hammersmith,England,Lab,Lab,18651,17847
E14000727,Hampstead and Kilburn,England,Lab,Lab,15560,14188
E14000728,Harborough,England,Con,Con,12429,17278
E14000729,Harlow,England,Con,Con,7031,14063
E14000730,Harrogate and Knaresborough,England,Con,Con,18168,9675
E14000731,Harrow East,England,Con,Con,1757,8170
E14000732,Harrow West,England,Lab,Lab,13314,8692
E14000733,Hartlepool,England,Lab,Lab,7650,3595
E14000734,Harwich and North Essex,England,Con,Con,14356,20182
E14000735,Hastings and Rye,England,Con,Con,346,4043
E14000736,Havant,England,Con,Con,15956,21792
E14000737,Hayes and Harlington,England,Lab,Lab,18115,9261
E14000738,Hazel Grove,England,Con,Con,5514,4423
E14000739,Hemel Hempstead,England,Con,Con,9445,14563
E14000740,Hemsworth,England,Lab,Lab,10174,1180
E14000741,Hendon,England,Con,Con,1072,4230
E14000742,Henley,England,Con,Con,22294,14053
E14000743,Hereford and South Herefordshire,England,Con,Con,15013,19686
E14000744,Hertford and Stortford,England,Con,Con,19035,19620
E14000745,Hertsmere,England,Con,Con,16951,21313
E14000746,Hexham,England,Con,Con,9236,10549
E14000747,Heywood and Middleton,England,Lab,Con,7617,663
E14000748,High Peak,England,Lab,Con,2322,590
E14000749,Hitchin and Harpenden,England,Con,Con,12031,6895
E14000750,Holborn and St Pancras,England,Lab,Lab,30509,27763
E14000751,Hornchurch and Upminster,England,Con,Con,17723,23308
E14000752,Hornsey and Wood Green,England,Lab,Lab,30738,19242
E14000753,Horsham,England,Con,Con,23484,21127
E14000754,Houghton and Sunderland South,England,Lab,Lab,12341,3115
E14000755,Hove,England,Lab,Lab,18757,17044
E14000756,Huddersfield,England,Lab,Lab,12005,4937
E14000757,Huntingdon,England,Con,Con,14475,19383
E14000758,Hyndburn,England,Lab,Con,5815,2951
E14000759,Ilford North,England,Lab,Lab,9639,5218
E14000760,Ilford South,England,Lab,Lab,31647,24101
S14000038,Inverclyde,Scotland,SNP,SNP,384,7512
S14000039,"Inverness, Nairn, Badenoch and Strathspey",Scotland,SNP,SNP,4924,10440
E14000761,Ipswich,England,Lab,Con,831,5479
E14000762,Isle of Wight,England,Con,Con,21069,23737
E14000763,Islington North,England,Lab,Lab,33215,26188
E14000764,Islington South and Finsbury,England,Lab,Lab,20263,17328
W07000077,Islwyn,Wales,Lab,Lab,11412,5464
E14000765,Jarrow,England,Lab,Lab,17263,7120
E14000766,Keighley,England,Lab,Con,239,2218
E14000767,Kenilworth and Southam,England,Con,Con,18076,20353
E14000768,Kensington,England,Lab,Con,20,150
E14000769,Kettering,England,Con,Con,10562,16765
S14000040,Kilmarnock and Loudoun,Scotland,SNP,SNP,6269,12659
E14000770,Kingston and Surbiton,England,LD,LD,4124,10489
E14000771,Kingston upon Hull East,England,Lab,Lab,10396,1239
E14000772,Kingston upon Hull North,England,Lab,Lab,14322,7593
E14000773,Kingston upon Hull West and Hessle,England,Lab,Lab,8025,2856
E14000774,Kingswood,England,Con,Con,7500,11220
S14000041,Kirkcaldy and Cowdenbeath,Scotland,Lab,SNP,259,1243
E14000775,Knowsley,England,Lab,Lab,42214,39942
N06000009,Lagan Valley,Northern Ireland,DUP,DUP,19229,6499
S14000042,Lanark and Hamilton East,Scotland,SNP,SNP,266,5187
E14000776,Lancaster and Fleetwood,England,Lab,Lab,6661,2380
E14000777,Leeds Central,England,Lab,Lab,23698,19270
E14000778,Leeds East,England,Lab,Lab,12752,5531
E14000779,Leeds North East,England,Lab,Lab,16991,17089
E14000780,Leeds North West,England,Lab,Lab,4224,10749
E14000781,Leeds West,England,Lab,Lab,15965,10564
E14000782,Leicester East,England,Lab,Lab,22428,6019
E14000783,Leicester South,England,Lab,Lab,26261,22675
E14000784,Leicester West,England,Lab,Lab,11060,4212
E14000785,Leigh,England,Lab,Con,9554,1965
E14000786,Lewes,England,Con,Con,5508,2457
E14000789,"Lewisham, Deptford",England,Lab,Lab,34899,32913
E14000787,Lewisham East,England,Lab,Lab,21213,17008
E14000788,Lewisham West and Penge,England,Lab,Lab,23162,21543
E14000790,Leyton and Wanstead,England,Lab,Lab,22607,20808
E14000791,Lichfield,England,Con,Con,18581,23638
E14000792,Lincoln,England,Lab,Con,1538,3514
S14000043,Linlithgow and East Falkirk,Scotland,SNP,SNP,2919,11266
E14000793,"Liverpool, Riverside",England,Lab,Lab,35947,37043
E14000794,"Liverpool, Walton",England,Lab,Lab,32551,30520
E14000795,"Liverpool, Wavertree",England,Lab,Lab,29466,27085
E14000796,"Liverpool, West Derby",England,Lab,Lab,32908,29984
S14000044,Livingston,Scotland,SNP,SNP,3878,13435
W07000045,Llanelli,Wales,Lab,Lab,12024,4670
E14000797,Loughborough,England,Con,Con,4269,7169
E14000798,Louth and Horncastle,England,Con,Con,19641,28868
E14000799,Ludlow,England,Con,Con,19286,23648
E14000800,Luton North,England,Lab,Lab,14364,9247
E14000801,Luton South,England,Lab,Lab,13925,8756
E14000802,Macclesfield,England,Con,Con,8608,10711
E14000803,Maidenhead,England,Con,Con,26457,18846
E14000804,Maidstone and The Weald,England,Con,Con,17723,21772
E14000805,Makerfield,England,Lab,Lab,13542,4740
E14000806,Maldon,England,Con,Con,23430,30041
E14000807,Manchester Central,England,Lab,Lab,31445,29089
E14000808,"Manchester, Gorton",England,Lab,Lab,31730,30339
E14000809,"Manchester, Withington",England,Lab,Lab,29875,27905
E14000810,Mansfield,England,Con,Con,1057,16306
E14000811,Meon Valley,England,Con,Con,25692,23555
E14000812,Meriden,England,Con,Con,19198,22836
W07000071,Merthyr Tydfil and Rhymney,Wales,Lab,Lab,16334,10606
E14000813,Mid Bedfordshire,England,Con,Con,20983,24664
E14000814,Mid Derbyshire,England,Con,Con,11616,15385
E14000819,Middlesbrough,England,Lab,Lab,13873,8395
E14000820,Middlesbrough South and East Cleveland,England,Con,Con,1020,11626
E14000815,Mid Dorset and North Poole,England,Con,Con,15339,14898
S14000045,Midlothian,Scotland,Lab,SNP,885,5705
E14000816,Mid Norfolk,England,Con,Con,16086,22594
E14000817,Mid Sussex,England,Con,Con,19673,18197
N06000010,Mid Ulster,Northern Ireland,SF,SF,12890,9537
E14000818,Mid Worcestershire,England,Con,Con,23326,28018
E14000821,Milton Keynes North,England,Con,Con,1975,6255
E14000822,Milton Keynes South,England,Con,Con,1665,6944
E14000823,Mitcham and Morden,England,Lab,Lab,21375,16482
E14000824,Mole Valley,England,Con,Con,24137,12041
W07000054,Monmouth,Wales,Con,Con,8206,9982
W07000063,Montgomeryshire,Wales,Con,Con,9285,12138
S14000046,Moray,Scotland,Con,Con,4159,513
E14000825,Morecambe and Lunesdale,England,Con,Con,1399,6354
E14000826,Morley and Outwood,England,Con,Con,2104,11267
S14000047,Motherwell and Wishaw,Scotland,SNP,SNP,318,6268
S14000027,Na h-Eileanan an Iar,Scotland,SNP,SNP,1007,2438
W07000069,Neath,Wales,Lab,Lab,12631,5637
E14000829,Newark,England,Con,Con,18149,21816
E14000830,Newbury,England,Con,Con,24380,16047
E14000834,Newcastle-under-Lyme,England,Lab,Con,30,7446
E14000831,Newcastle upon Tyne Central,England,Lab,Lab,14937,12278
E14000832,Newcastle upon Tyne East,England,Lab,Lab,19261,15463
E14000833,Newcastle upon Tyne North,England,Lab,Lab,10349,5765
E14000827,New Forest East,England,Con,Con,21995,25251
E14000828,New Forest West,England,Con,Con,23431,24403
W07000055,Newport East,Wales,Lab,Lab,8003,1992
W07000056,Newport West,Wales,Lab,Lab,5658,902
N06000011,Newry and Armagh,Northern Ireland,SF,SF,12489,9287
E14000835,Newton Abbot,England,Con,Con,17160,17501
E14000836,"Normanton, Pontefract and Castleford",England,Lab,Lab,14499,1276
E14000861,Northampton North,England,Con,Con,807,5507
E14000862,Northampton South,England,Con,Con,1159,4697
N06000012,North Antrim,Northern Ireland,DUP,DUP,20643,12721
S14000048,North Ayrshire and Arran,Scotland,SNP,SNP,3633,8521
E14000837,North Cornwall,England,Con,Con,7200,14752
E14000838,North Devon,England,Con,Con,4332,14813
E14000839,North Dorset,England,Con,Con,25777,24301
N06000013,North Down,Northern Ireland,Ind,Alliance,1208,2968
E14000840,North Durham,England,Lab,Lab,12939,4742
E14000841,North East Bedfordshire,England,Con,Con,20862,24283
E14000842,North East Cambridgeshire,England,Con,Con,21270,29993
E14000843,North East Derbyshire,England,Con,Con,2860,12876
S14000049,North East Fife,Scotland,SNP,LD,2,1316
E14000844,North East Hampshire,England,Con,Con,27772,20211
E14000845,North East Hertfordshire,England,Con,Con,16835,18189
E14000846,North East Somerset,England,Con,Con,10235,14729
E14000847,North Herefordshire,England,Con,Con,21602,24856
E14000848,North Norfolk,England,LD,Con,3512,14395
E14000849,North Shropshire,England,Con,Con,16355,22949
E14000850,North Somerset,England,Con,Con,17103,17536
E14000851,North Swindon,England,Con,Con,8335,16171
E14000852,North Thanet,England,Con,Con,10738,17189
E14000853,North Tyneside,England,Lab,Lab,19284,9561
E14000854,North Warwickshire,England,Con,Con,8510,17956
E14000855,North West Cambridgeshire,England,Con,Con,18008,25983
E14000856,North West Durham,England,Lab,Con,8792,1144
E14000857,North West Hampshire,England,Con,Con,22679,26308
E14000858,North West Leicestershire,England,Con,Con,13286,20400
E14000859,North West Norfolk,England,Con,Con,13788,19922
E14000860,North Wiltshire,England,Con,Con,22877,17626
E14000863,Norwich North,England,Con,Con,507,4738
E14000864,Norwich South,England,Lab,Lab,15596,12760
E14000865,Nottingham East,England,Lab,Lab,19590,17393
E14000866,Nottingham North,England,Lab,Lab,11160,4490
E14000867,Nottingham South,England,Lab,Lab,15162,12568
E14000868,Nuneaton,England,Con,Con,4739,13144
S14000050,Ochil and South Perthshire,Scotland,Con,SNP,3359,4498
W07000074,Ogmore,Wales,Lab,Lab,13871,7805
E14000869,Old Bexley and Sidcup,England,Con,Con,15466,18952
E14000870,Oldham East and Saddleworth,England,Lab,Lab,8182,1499
E14000871,Oldham West and Royton,England,Lab,Lab,17198,11127
S14000051,Orkney and Shetland,Scotland,LD,LD,4563,2507
E14000872,Orpington,England,Con,Con,19461,22378
E14000873,Oxford East,England,Lab,Lab,23284,17832
E14000874,Oxford West and Abingdon,England,LD,LD,816,8943
S14000052,Paisley and Renfrewshire North,Scotland,SNP,SNP,2613,11902
S14000053,Paisley and Renfrewshire South,Scotland,SNP,SNP,2541,10679
E14000875,Pendle,England,Con,Con,1279,6186
E14000876,Penistone and Stocksbridge,England,Lab,Con,1322,7210
E14000877,Penrith and The Border,England,Con,Con,15910,18519
S14000054,Perth and North Perthshire,Scotland,SNP,SNP,21,7550
E14000878,Peterborough,England,Lab,Con,607,2580
E14000879,"Plymouth, Moor View",England,Con,Con,5019,12897
E14000880,"Plymouth, Sutton and Devonport",England,Lab,Lab,6807,4757
W07000075,Pontypridd,Wales,Lab,Lab,11448,5887
E14000881,Poole,England,Con,Con,14209,19116
E14000882,Poplar and Limehouse,England,Lab,Lab,27712,28904
E14000883,Portsmouth North,England,Con,Con,9965,15780
E14000884,Portsmouth South,England,Lab,Lab,1554,5363
W07000065,Preseli Pembrokeshire,Wales,Con,Con,314,5062
E14000885,Preston,England,Lab,Lab,15723,12146
E14000886,Pudsey,England,Con,Con,331,3517
E14000887,Putney,England,Con,Lab,1554,4774
E14000888,Rayleigh and Wickford,England,Con,Con,23450,31000
E14000889,Reading East,England,Lab,Lab,3749,5924
E14000890,Reading West,England,Con,Con,2876,4117
E14000891,Redcar,England,Lab,Con,9485,3527
E14000892,Redditch,England,Con,Con,7363,16036
E14000893,Reigate,England,Con,Con,17614,18310
W07000052,Rhondda,Wales,Lab,Lab,13746,11440
E14000894,Ribble Valley,England,Con,Con,13199,18439
E14000896,Richmond Park,England,Con,LD,45,7766
E14000895,Richmond (Yorks),England,Con,Con,23108,27210
E14000897,Rochdale,England,Lab,Lab,14819,9668
E14000898,Rochester and Strood,England,Con,Con,9850,17072
E14000899,Rochford and Southend East,England,Con,Con,5548,12286
E14000900,Romford,England,Con,Con,13778,17893
E14000901,Romsey and Southampton North,England,Con,Con,18046,10872
E14000902,Rossendale and Darwen,England,Con,Con,3216,9522
S14000055,"Ross, Skye and Lochaber",Scotland,SNP,SNP,5919,9443
E14000904,Rotherham,England,Lab,Lab,11387,3121
E14000903,Rother Valley,England,Lab,Con,3882,6318
E14000905,Rugby,England,Con,Con,8212,13447
E14000906,"Ruislip, Northwood and Pinner",England,Con,Con,13980,16394
E14000907,Runnymede and Weybridge,England,Con,Con,18050,18270
E14000908,Rushcliffe,England,Con,Con,8010,7643
S14000056,Rutherglen and Hamilton West,Scotland,Lab,SNP,265,5230
E14000909,Rutland and Melton,England,Con,Con,23104,26924
E14000910,Saffron Walden,England,Con,Con,24966,27594
E14000911,Salford and Eccles,England,Lab,Lab,19132,16327
E14000912,Salisbury,England,Con,Con,17333,19736
E14000913,Scarborough and Whitby,England,Con,Con,3435,10270
E14000914,Scunthorpe,England,Lab,Con,3431,6451
E14000915,Sedgefield,England,Lab,Con,6059,4513
E14000916,Sefton Central,England,Lab,Lab,15618,15122
E14000917,Selby and Ainsty,England,Con,Con,13772,20137
E14000918,Sevenoaks,England,Con,Con,21917,20818
E14000921,"Sheffield, Brightside and Hillsborough",England,Lab,Lab,19143,12274
E14000919,Sheffield Central,England,Lab,Lab,27748,27273
E14000922,"Sheffield, Hallam",England,Lab,Lab,2125,712
E14000923,"Sheffield, Heeley",England,Lab,Lab,13828,8520
E14000920,Sheffield South East,England,Lab,Lab,11798,4289
E14000924,Sherwood,England,Con,Con,5198,16186
E14000925,Shipley,England,Con,Con,4681,6242
E14000926,Shrewsbury and Atcham,England,Con,Con,6627,11217
E14000927,Sittingbourne and Sheppey,England,Con,Con,15211,24479
E14000928,Skipton and Ripon,England,Con,Con,19985,23694
E14000929,Sleaford and North Hykeham,England,Con,Con,25237,32565
E14000930,Slough,England,Lab,Lab,16998,13640
E14000931,Solihull,England,Con,Con,20571,21273
E14000932,Somerton and Frome,England,Con,Con,22906,19213
E14000955,"Southampton, Itchen",England,Con,Con,31,4498
E14000956,"Southampton, Test",England,Lab,Lab,11503,6213
N06000014,South Antrim,Northern Ireland,DUP,DUP,3208,2689
E14000933,South Basildon and East Thurrock,England,Con,Con,11490,19922
E14000934,South Cambridgeshire,England,Con,Con,15952,2904
E14000935,South Derbyshire,England,Con,Con,11970,19335
E14000936,South Dorset,England,Con,Con,11695,17153
N06000015,South Down,Northern Ireland,SF,SF,2446,1620
E14000937,South East Cambridgeshire,England,Con,Con,16158,11490
E14000938,South East Cornwall,England,Con,Con,17443,20971
E14000957,Southend West,England,Con,Con,10000,14459
E14000939,South Holland and The Deepings,England,Con,Con,24897,30838
E14000940,South Leicestershire,England,Con,Con,18631,24004
E14000941,South Norfolk,England,Con,Con,16678,21275
E14000942,South Northamptonshire,England,Con,Con,22840,27761
E14000958,Southport,England,Con,Con,2914,4147
E14000943,South Ribble,England,Con,Con,7421,11199
E14000944,South Shields,England,Lab,Lab,14508,9585
E14000945,South Staffordshire,England,Con,Con,22733,28250
E14000946,South Suffolk,England,Con,Con,17749,22897
E14000947,South Swindon,England,Con,Con,2464,6625
E14000948,South Thanet,England,Con,Con,6387,10587
E14000949,South West Bedfordshire,England,Con,Con,14168,18583
E14000950,South West Devon,England,Con,Con,15816,21430
E14000951,South West Hertfordshire,England,Con,Con,19550,14408
E14000952,South West Norfolk,England,Con,Con,18312,26195
E14000953,South West Surrey,England,Con,Con,21590,8817
E14000954,South West Wiltshire,England,Con,Con,18326,21630
E14000959,Spelthorne,England,Con,Con,13425,18393
E14000965,Stafford,England,Con,Con,7729,14377
E14000966,Staffordshire Moorlands,England,Con,Con,10830,16428
E14000960,St Albans,England,Con,LD,6109,6293
E14000967,Stalybridge and Hyde,England,Lab,Lab,8084,2946
E14000961,St Austell and Newquay,England,Con,Con,11142,16526
E14000968,Stevenage,England,Con,Con,3386,8562
E14000962,St Helens North,England,Lab,Lab,18406,12209
E14000963,St Helens South and Whiston,England,Lab,Lab,24343,19122
S14000057,Stirling,Scotland,Con,SNP,148,9254
E14000964,St Ives,England,Con,Con,312,4280
E14000969,Stockport,England,Lab,Lab,14477,10039
E14000970,Stockton North,England,Lab,Lab,8715,1027
E14000971,Stockton South,England,Lab,Con,888,5260
E14000972,Stoke-on-Trent Central,England,Lab,Con,3897,670
E14000973,Stoke-on-Trent North,England,Lab,Con,2359,6286
E14000974,Stoke-on-Trent South,England,Con,Con,663,11271
E14000975,Stone,England,Con,Con,17495,19945
E14000976,Stourbridge,England,Con,Con,7654,13571
N06000016,Strangford,Northern Ireland,DUP,DUP,18343,7071
E14000977,Stratford-on-Avon,England,Con,Con,21958,19972
E14000978,Streatham,England,Lab,Lab,26285,17690
E14000979,Stretford and Urmston,England,Lab,Lab,19705,16417
E14000980,Stroud,England,Lab,Con,687,3840
E14000981,Suffolk Coastal,England,Con,Con,16012,20533
E14000982,Sunderland Central,England,Lab,Lab,9997,2964
E14000983,Surrey Heath,England,Con,Con,24943,18349
E14000984,Sutton and Cheam,England,Con,Con,12698,8351
E14000985,Sutton Coldfield,England,Con,Con,15339,19272
W07000048,Swansea East,Wales,Lab,Lab,13168,7970
W07000047,Swansea West,Wales,Lab,Lab,10598,8116
E14000986,Tamworth,England,Con,Con,12347,19634
E14000987,Tatton,England,Con,Con,14787,17387
E14000988,Taunton Deane,England,Con,Con,15887,11700
E14000989,Telford,England,Con,Con,720,10941
E14000990,Tewkesbury,England,Con,Con,22574,22410
E14000991,The Cotswolds,England,Con,Con,25499,20214
E14000992,The Wrekin,England,Con,Con,9564,18726
E14000993,Thirsk and Malton,England,Con,Con,19001,25154
E14000994,Thornbury and Yate,England,Con,Con,12071,12369
E14000995,Thurrock,England,Con,Con,345,11482
E14000996,Tiverton and Honiton,England,Con,Con,19801,24239
E14000997,Tonbridge and Malling,England,Con,Con,23508,26941
E14000998,Tooting,England,Lab,Lab,15458,14307
E14000999,Torbay,England,Con,Con,14283,17749
W07000053,Torfaen,Wales,Lab,Lab,10240,3742
E14001000,Torridge and West Devon,England,Con,Con,20686,24992
E14001001,Totnes,England,Con,Con,13477,12724
E14001002,Tottenham,England,Lab,Lab,34584,30175
E14001003,Truro and Falmouth,England,Con,Con,3792,4561
E14001004,Tunbridge Wells,England,Con,Con,16465,14645
E14001005,Twickenham,England,LD,LD,9762,14121
E14001006,Tynemouth,England,Lab,Lab,11666,4857
N06000017,Upper Bann,Northern Ireland,DUP,DUP,7992,8210
E14001007,Uxbridge and South Ruislip,England,Con,Con,5034,7210
W07000060,Vale of Clwyd,Wales,Lab,Con,2379,1827
W07000078,Vale of Glamorgan,Wales,Con,Con,2190,3562
E14001008,Vauxhall,England,Lab,Lab,20250,19612
E14001009,Wakefield,England,Lab,Con,2176,3358
E14001010,Wallasey,England,Lab,Lab,23320,18322
E14001011,Walsall North,England,Con,Con,2601,11965
E14001012,Walsall South,England,Lab,Lab,8892,3456
E14001013,Walthamstow,England,Lab,Lab,32017,30862
E14001014,Wansbeck,England,Lab,Lab,10435,814
E14001015,Wantage,England,Con,Con,17380,12653
E14001016,Warley,England,Lab,Lab,16483,11511
E14001017,Warrington North,England,Lab,Lab,9582,1509
E14001018,Warrington South,England,Lab,Con,2549,2010
E14001019,Warwick and Leamington,England,Lab,Lab,1206,789
E14001020,Washington and Sunderland West,England,Lab,Lab,12940,3723
E14001021,Watford,England,Con,Con,2092,4433
E14001022,Waveney,England,Con,Con,9215,18002
E14001023,Wealden,England,Con,Con,23628,25655
E14001024,Weaver Vale,England,Lab,Lab,3928,562
E14001025,Wellingborough,England,Con,Con,12460,18540
E14001026,Wells,England,Con,Con,7582,9991
E14001027,Welwyn Hatfield,England,Con,Con,7369,10955
E14001028,Wentworth and Dearne,England,Lab,Lab,14803,2165
S14000058,West Aberdeenshire and Kincardine,Scotland,Con,Con,7950,843
E14001029,West Bromwich East,England,Lab,Con,7713,1593
E14001030,West Bromwich West,England,Lab,Con,4460,3799
E14001031,West Dorset,England,Con,Con,19091,14106
S14000059,West Dunbartonshire,Scotland,SNP,SNP,2288,9553
E14001032,West Ham,England,Lab,Lab,36754,32388
E14001033,West Lancashire,England,Lab,Lab,11689,8336
E14001036,Westminster North,England,Lab,Lab,11512,10759
E14001037,Westmorland and Lonsdale,England,LD,LD,777,1934
E14001038,Weston-Super-Mare,England,Con,Con,11544,17121
E14001034,West Suffolk,England,Con,Con,17063,23194
N06000018,West Tyrone,Northern Ireland,SF,SF,10342,7478
E14001035,West Worcestershire,England,Con,Con,21328,24499
E14001039,Wigan,England,Lab,Lab,16027,6728
E14001040,Wimbledon,England,Con,Con,5622,628
E14001041,Winchester,England,Con,Con,9999,985
E14001042,Windsor,England,Con,Con,22384,20079
E14001043,Wirral South,England,Lab,Lab,8323,6105
E14001044,Wirral West,England,Lab,Lab,5365,3003
E14001045,Witham,England,Con,Con,18646,24082
E14001046,Witney,England,Con,Con,21241,15177
E14001047,Woking,England,Con,Con,16724,9767
E14001048,Wokingham,England,Con,Con,18798,7383
E14001049,Wolverhampton North East,England,Lab,Con,4587,4080
E14001050,Wolverhampton South East,England,Lab,Lab,8514,1235
E14001051,Wolverhampton South West,England,Lab,Con,2185,1661
E14001052,Worcester,England,Con,Con,2508,6758
E14001053,Workington,England,Lab,Con,3925,4176
E14001054,Worsley and Eccles South,England,Lab,Lab,8379,3219
E14001055,Worthing West,England,Con,Con,12090,14823
W07000044,Wrexham,Wales,Lab,Con,1832,2131
E14001056,Wycombe,England,Con,Con,6578,4214
E14001057,Wyre and Preston North,England,Con,Con,12246,16781
E14001058,Wyre Forest,England,Con,Con,13334,21413
E14001059,Wythenshawe and Sale East,England,Lab,Lab,14944,10396
E14001060,Yeovil,England,Con,Con,14723,16181
W07000041,Ynys Mon,Wales,Lab,Con,5259,1968
E14001061,York Central,England,Lab,Lab,18575,13545
E14001062,York Outer,England,Con,Con,8289,9985
W07000049,Aberavon,Wales,,,,
W07000058,Aberconwy,Wales,,,,
S14000001,Aberdeen North,Scotland,,,,
S14000002,Aberdeen South,Scotland,,,,
S14000003,Airdrie and Shotts,Scotland,,,,
E14000530,Aldershot,England,,,,
E14000531,Aldridge-Brownhills,England,,,,
E14000532,Altrincham and Sale West,England,,,,
W07000043,Alyn and Deeside,Wales,,,,
E14000533,Amber Valley,England,,,,
S14000004,Angus,Scotland,,,,
W07000057,Arfon,Wales,,,,
S14000005,Argyll and Bute,Scotland,,,,
E14000534,Arundel and South Downs,England,,,,
E14000535,Ashfield,England,,,,
E14000536,Ashford,England,,,,
E14000537,Ashton-under-Lyne,England,,,,
E14000538,Aylesbury,England,,,,
S14000006,"Ayr, Carrick and Cumnock",Scotland,,,,
E14000539,Banbury,England,,,,
S14000007,Banff and Buchan,Scotland,,,,
E14000540,Barking,England,,,,
E14000541,Barnsley Central,England,,,,
E14000542,Barnsley East,England,,,,
E14000543,Barrow and Furness,England,,,,
E14000544,Basildon and Billericay,England,,,,
E14000545,Basingstoke,England,,,,
E14000546,Bassetlaw,England,,,,
E14000547,Bath,England,,,,
E14000548,Batley and Spen,England,,,,
E14000549,Battersea,England,,,,
E14000550,Beaconsfield,England,,,,
E14000551,Beckenham,England,,,,
E14000552,Bedford,England,,,,
N06000001,Belfast East,Northern Ireland,,,,
N06000002,Belfast North,Northern Ireland,,,,
N06000003,Belfast South,Northern Ireland,,,,
N06000004,Belfast West,Northern Ireland,,,,
E14000553,Bermondsey and Old Southwark,England,,,,
S14000008,"Berwickshire, Roxburgh and Selkirk",Scotland,,,,
E14000554,Berwick-upon-Tweed,England,,,,
E14000555,Bethnal Green and Bow,England,,,,
E14000556,Beverley and Holderness,England,,,,
E14000557,Bexhill and Battle,England,,,,
E14000558,Bexleyheath and Crayford,England,,,,
E14000559,Birkenhead,England,,,,
E14000560,"Birmingham, Edgbaston",England,,,,
E14000561,"Birmingham, Erdington",England,,,,
E14000562,"Birmingham, Hall Green",England,,,,
E14000563,"Birmingham, Hodge Hill",England,,,,
E14000564,"Birmingham, Ladywood",England,,,,
E14000565,"Birmingham, Northfield",England,,,,
E14000566,"Birmingham, Perry Barr",England,,,,
E14000567,"Birmingham, Selly Oak",England,,,,
E14000568,"Birmingham, Yardley",England,,,,
E14000569,Bishop Auckland,England,,,,
E14000570,Blackburn,England,,,,
E14000571,Blackley and Broughton,England,,,,
E14000572,Blackpool North and Cleveleys,England,,,,
E14000573,Blackpool South,England,,,,
W07000072,Blaenau Gwent,Wales,,,,
E14000574,Blaydon,England,,,,
E14000575,Blyth Valley,England,,,,
E14000576,Bognor Regis and Littlehampton,England,,,,
E14000577,Bolsover,England,,,,
E14000578,Bolton North East,England,,,,
E14000579,Bolton South East,England,,,,
E14000580,Bolton West,England,,,,
E14000581,Bootle,England,,,,
E14000582,Boston and Skegness,England,,,,
E14000583,Bosworth,England,,,,
E14000584,Bournemouth East,England,,,,
E14000585,Bournemouth West,England,,,,
E14000586,Bracknell,England,,,,
E14000587,Bradford East,England,,,,
E14000588,Bradford South,England,,,,
E14000589,Bradford West,England,,,,
E14000590,Braintree,England,,,,
W07000068,Brecon and Radnorshire,Wales,,,,
E14000591,Brent Central,England,,,,
E14000593,Brentford and Isleworth,England,,,,
E14000592,Brent North,England,,,,
E14000594,Brentwood and Ongar,England,,,,
W07000073,Bridgend,Wales,,,,
E14000595,Bridgwater and West Somerset,England,,,,
E14000596,Brigg and Goole,England,,,,
E14000597,"Brighton, Kemptown",England,,,,
E14000598,"Brighton, Pavilion",England,,,,
E14000599,Bristol East,England,,,,
E14000600,Bristol North West,England,,,,
E14000601,Bristol South,England,,,,
E14000602,Bristol West,England,,,,
E14000603,Broadland,England,,,,
E14000604,Bromley and Chislehurst,England,,,,
E14000605,Bromsgrove,England,,,,
E14000606,Broxbourne,England,,,,
E14000607,Broxtowe,England,,,,
E14000608,Buckingham,England,,,,
E14000609,Burnley,England,,,,
E14000610,Burton,England,,,,
E14000611,Bury North,England,,,,
E14000612,Bury South,England,,,,
E14000613,Bury St Edmunds,England,,,,
W07000076,Caerphilly,Wales,,,,
S14000009,"Caithness, Sutherland and Easter Ross",Scotland,,,,
E14000614,Calder Valley,England,,,,
E14000615,Camberwell and Peckham,England,,,,
E14000616,Camborne and Redruth,England,,,,
E14000617,Cambridge,England,,,,
E14000618,Cannock Chase,England,,,,
E14000619,Canterbury,England,,,,
W07000050,Cardiff Central,Wales,,,,
W07000051,Cardiff North,Wales,,,,
W07000080,Cardiff South and Penarth,Wales,,,,
W07000079,Cardiff West,Wales,,,,
E14000620,Carlisle,England,,,,
W07000067,Carmarthen East and Dinefwr,Wales,,,,
W07000066,Carmarthen West and South Pembrokeshire,Wales,,,,
E14000621,Carshalton and Wallington,England,,,,
E14000622,Castle Point,England,,,,
S14000010,Central Ayrshire,Scotland,,,,
E14000623,Central Devon,England,,,,
E14000624,Central Suffolk and North Ipswich,England,,,,
W07000064,Ceredigion,Wales,,,,
E14000625,Charnwood,England,,,,
E14000626,Chatham and Aylesford,England,,,,
E14000627,Cheadle,England,,,,
E14000628,Chelmsford,England,,,,
E14000629,Chelsea and Fulham,England,,,,
E14000630,Cheltenham,England,,,,
E14000631,Chesham and Amersham,England,,,,
E14000632,Chesterfield,England,,,,
E14000633,Chichester,England,,,,
E14000634,Chingford and Woodford Green,England,,,,
E14000635,Chippenham,England,,,,
E14000636,Chipping Barnet,England,,,,
E14000637,Chorley,England,,,,
E14000638,Christchurch,England,,,,
E14000639,Cities of London and Westminster,England,,,,
E14000640,City of Chester,England,,,,
E14000641,City of Durham,England,,,,
E14000642,Clacton,England,,,,
E14000643,Cleethorpes,England,,,,
W07000062,Clwyd South,Wales,,,,
W07000059,Clwyd West,Wales,,,,
S14000011,"Coatbridge, Chryston and Bellshill",Scotland,,,,
E14000644,Colchester,England,,,,
E14000645,Colne Valley,England,,,,
E14000646,Congleton,England,,,,
E14000647,Copeland,England,,,,
E14000648,Corby,England,,,,
E14000649,Coventry North East,England,,,,
E14000650,Coventry North West,England,,,,
E14000651,Coventry South,England,,,,
E14000652,Crawley,England,,,,
E14000653,Crewe and Nantwich,England,,,,
E14000654,Croydon Central,England,,,,
E14000655,Croydon North,England,,,,
E14000656,Croydon South,England,,,,
S14000012,"Cumbernauld, Kilsyth and Kirkintilloch East",Scotland,,,,
W07000070,Cynon Valley,Wales,,,,
E14000657,Dagenham and Rainham,England,,,,
E14000658,Darlington,England,,,,
E14000659,Dartford,England,,,,
E14000660,Daventry,England,,,,
W07000042,Delyn,Wales,,,,
E14000661,Denton and Reddish,England,,,,
E14000662,Derby North,England,,,,
E14000664,Derbyshire Dales,England,,,,
E14000663,Derby South,England,,,,
E14000665,Devizes,England,,,,
E14000666,Dewsbury,England,,,,
E14000668,Doncaster Central,England,,,,
E14000669,Doncaster North,England,,,,
E14000667,Don Valley,England,,,,
E14000670,Dover,England,,,,
E14000671,Dudley North,England,,,,
E14000672,Dudley South,England,,,,
E14000673,Dulwich and West Norwood,England,,,,
S14000013,Dumfries and Galloway,Scotland,,,,
S14000014,"Dumfriesshire, Clydesdale and Tweeddale",Scotland,,,,
S14000015,Dundee East,Scotland,,,,
S14000016,Dundee West,Scotland,,,,
S14000017,Dunfermline and West Fife,Scotland,,,,
W07000061,Dwyfor Meirionnydd,Wales,,,,
E14000674,Ealing Central and Acton,England,,,,
E14000675,Ealing North,England,,,,
E14000676,"Ealing, Southall",England,,,,
E14000677,Easington,England,,,,
N06000005,East Antrim,Northern Ireland,,,,
E14000684,Eastbourne,England,,,,
E14000678,East Devon,England,,,,
S14000018,East Dunbartonshire,Scotland,,,,
E14000679,East Ham,England,,,,
E14000680,East Hampshire,England,,,,
S14000019,"East Kilbride, Strathaven and Lesmahagow",Scotland,,,,
E14000685,Eastleigh,England,,,,
N06000006,East Londonderry,Northern Ireland,,,,
S14000020,East Lothian,Scotland,,,,
S14000021,East Renfrewshire,Scotland,,,,
E14000681,East Surrey,England,,,,
E14000682,East Worthing and Shoreham,England,,,,
E14000683,East Yorkshire,England,,,,
E14000686,Eddisbury,England,,,,
S14000022,Edinburgh East,Scotland,,,,
S14000023,Edinburgh North and Leith,Scotland,,,,
S14000024,Edinburgh South,Scotland,,,,
S14000025,Edinburgh South West,Scotland,,,,
S14000026,Edinburgh West,Scotland,,,,
E14000687,Edmonton,England,,,,
E14000688,Ellesmere Port and Neston,England,,,,
E14000689,Elmet and Rothwell,England,,,,
E14000690,Eltham,England,,,,
E14000691,Enfield North,England,,,,
E14000692,"Enfield, Southgate",England,,,,
E14000693,Epping Forest,England,,,,
E14000694,Epsom and Ewell,England,,,,
E14000695,Erewash,England,,,,
E14000696,Erith and Thamesmead,England,,,,
E14000697,Esher and Walton,England,,,,
E14000698,Exeter,England,,,,
S14000028,Falkirk,Scotland,,,,
E14000699,Fareham,England,,,,
E14000700,Faversham and Mid Kent,England,,,,
E14000701,Feltham and Heston,England,,,,
N06000007,Fermanagh and South Tyrone,Northern Ireland,,,,
E14000702,Filton and Bradley Stoke,England,,,,
E14000703,Finchley and Golders Green,England,,,,
E14000704,Folkestone and Hythe,England,,,,
E14000705,Forest of Dean,England,,,,
N06000008,Foyle,Northern Ireland,,,,
E14000706,Fylde,England,,,,
E14000707,Gainsborough,England,,,,
E14000708,Garston and Halewood,England,,,,
E14000709,Gateshead,England,,,,
E14000710,Gedling,England,,,,
E14000711,Gillingham and Rainham,England,,,,
S14000029,Glasgow Central,Scotland,,,,
S14000030,Glasgow East,Scotland,,,,
S14000031,Glasgow North,Scotland,,,,
S14000032,Glasgow North East,Scotland,,,,
S14000033,Glasgow North West,Scotland,,,,
S14000034,Glasgow South,Scotland,,,,
S14000035,Glasgow South West,Scotland,,,,
S14000036,Glenrothes,Scotland,,,,
E14000712,Gloucester,England,,,,
S14000037,Gordon,Scotland,,,,
E14000713,Gosport,England,,,,
W07000046,Gower,Wales,,,,
E14000714,Grantham and Stamford,England,,,,
E14000715,Gravesham,England,,,,
E14000716,Great Grimsby,England,,,,
E14000717,Great Yarmouth,England,,,,
E14000718,Greenwich and Woolwich,England,,,,
E14000719,Guildford,England,,,,
E14000720,Hackney North and Stoke Newington,England,,,,
E14000721,Hackney South and Shoreditch,England,,,,
E14000722,Halesowen and Rowley Regis,England,,,,
E14000723,Halifax,England,,,,
E14000724,Haltemprice and Howden,England,,,,
E14000725,Halton,England,,,,
E14000726,Hammersmith,England,,,,
E14000727,Hampstead and Kilburn,England,,,,
E14000728,Harborough,England,,,,
E14000729,Harlow,England,,,,
E14000730,Harrogate and Knaresborough,England,,,,
E14000731,Harrow East,England,,,,
E14000732,Harrow West,England,,,,
E14000733,Hartlepool,England,,,,
E14000734,Harwich and North Essex,England,,,,
E14000735,Hastings and Rye,England,,,,
E14000736,Havant,England,,,,
E14000737,Hayes and Harlington,England,,,,
E14000738,Hazel Grove,England,,,,
E14000739,Hemel Hempstead,England,,,,
E14000740,Hemsworth,England,,,,
E14000741,Hendon,England,,,,
E14000742,Henley,England,,,,
E14000743,Hereford and South Herefordshire,England,,,,
E14000744,Hertford and Stortford,England,,,,
E14000745,Hertsmere,England,,,,
E14000746,Hexham,England,,,,
E14000747,Heywood and Middleton,England,,,,
E14000748,High Peak,England,,,,
E14000749,Hitchin and Harpenden,England,,,,
E14000750,Holborn and St Pancras,England,,,,
E14000751,Hornchurch and Upminster,England,,,,
E14000752,Hornsey and Wood Green,England,,,,
E14000753,Horsham,England,,,,
E14000754,Houghton and Sunderland South,England,,,,
E14000755,Hove,England,,,,
E14000756,Huddersfield,England,,,,
E14000757,Huntingdon,England,,,,
E14000758,Hyndburn,England,,,,
E14000759,Ilford North,England,,,,
E14000760,Ilford South,England,,,,
S14000038,Inverclyde,Scotland,,,,
S14000039,"Inverness, Nairn, Badenoch and Strathspey",Scotland,,,,
E14000761,Ipswich,England,,,,
E14000762,Isle of Wight,England,,,,
E14000763,Islington North,England,,,,
E14000764,Islington South and Finsbury,England,,,,
W07000077,Islwyn,Wales,,,,
E14000765,Jarrow,England,,,,
E14000766,Keighley,England,,,,
E14000767,Kenilworth and Southam,England,,,,
E14000768,Kensington,England,,,,
E14000769,Kettering,England,,,,
S14000040,Kilmarnock and Loudoun,Scotland,,,,
E14000770,Kingston and Surbiton,England,,,,
E14000771,Kingston upon Hull East,England,,,,
E14000772,Kingston upon Hull North,England,,,,
E14000773,Kingston upon Hull West and Hessle,England,,,,
E14000774,Kingswood,England,,,,
S14000041,Kirkcaldy and Cowdenbeath,Scotland,,,,
E14000775,Knowsley,England,,,,
N06000009,Lagan Valley,Northern Ireland,,,,
S14000042,Lanark and Hamilton East,Scotland,,,,
E14000776,Lancaster and Fleetwood,England,,,,
E14000777,Leeds Central,England,,,,
E14000778,Leeds East,England,,,,
E14000779,Leeds North East,England,,,,
E14000780,Leeds North West,England,,,,
E14000781,Leeds West,England,,,,
E14000782,Leicester East,England,,,,
E14000783,Leicester South,England,,,,
E14000784,Leicester West,England,,,,
E14000785,Leigh,England,,,,
E14000786,Lewes,England,,,,
E14000789,"Lewisham, Deptford",England,,,,
E14000787,Lewisham East,England,,,,
E14000788,Lewisham West and Penge,England,,,,
E14000790,Leyton and Wanstead,England,,,,
E14000791,Lichfield,England,,,,
E14000792,Lincoln,England,,,,
S14000043,Linlithgow and East Falkirk,Scotland,,,,
E14000793,"Liverpool, Riverside",England,,,,
E14000794,"Liverpool, Walton",England,,,,
E14000795,"Liverpool, Wavertree",England,,,,
E14000796,"Liverpool, West Derby",England,,,,
S14000044,Livingston,Scotland,,,,
W07000045,Llanelli,Wales,,,,
E14000797,Loughborough,England,,,,
E14000798,Louth and Horncastle,England,,,,
E14000799,Ludlow,England,,,,
E14000800,Luton North,England,,,,
E14000801,Luton South,England,,,,
E14000802,Macclesfield,England,,,,
E14000803,Maidenhead,England,,,,
E14000804,Maidstone and The Weald,England,,,,
E14000805,Makerfield,England,,,,
E14000806,Maldon,England,,,,
E14000807,Manchester Central,England,,,,
E14000808,"Manchester, Gorton",England,,,,
E14000809,"Manchester, Withington",England,,,,
E14000810,Mansfield,England,,,,
E14000811,Meon Valley,England,,,,
E14000812,Meriden,England,,,,
W07000071,Merthyr Tydfil and Rhymney,Wales,,,,
E14000813,Mid Bedfordshire,England,,,,
E14000814,Mid Derbyshire,England,,,,
E14000819,Middlesbrough,England,,,,
E14000820,Middlesbrough South and East Cleveland,England,,,,
E14000815,Mid Dorset and North Poole,England,,,,
S14000045,Midlothian,Scotland,,,,
E14000816,Mid Norfolk,England,,,,
E14000817,Mid Sussex,England,,,,
N06000010,Mid Ulster,Northern Ireland,,,,
E14000818,Mid Worcestershire,England,,,,
E14000821,Milton Keynes North,England,,,,
E14000822,Milton Keynes South,England,,,,
E14000823,Mitcham and Morden,England,,,,
E14000824,Mole Valley,England,,,,
W07000054,Monmouth,Wales,,,,
W07000063,Montgomeryshire,Wales,,,,
S14000046,Moray,Scotland,,,,
E14000825,Morecambe and Lunesdale,England,,,,
E14000826,Morley and Outwood,England,,,,
S14000047,Motherwell and Wishaw,Scotland,,,,
S14000027,Na h-Eileanan an Iar,Scotland,,,,
W07000069,Neath,Wales,,,,
E14000829,Newark,England,,,,
E14000830,Newbury,England,,,,
E14000834,Newcastle-under-Lyme,England,,,,
E14000831,Newcastle upon Tyne Central,England,,,,
E14000832,Newcastle upon Tyne East,England,,,,
E14000833,Newcastle upon Tyne North,England,,,,
E14000827,New Forest East,England,,,,
E14000828,New Forest West,England,,,,
W07000055,Newport East,Wales,,,,
W07000056,Newport West,Wales,,,,
N06000011,Newry and Armagh,Northern Ireland,,,,
E14000835,Newton Abbot,England,,,,
E14000836,"Normanton, Pontefract and Castleford",England,,,,
E14000861,Northampton North,England,,,,
E14000862,Northampton South,England,,,,
N06000012,North Antrim,Northern Ireland,,,,
S14000048,North Ayrshire and Arran,Scotland,,,,
E14000837,North Cornwall,England,,,,
E14000838,North Devon,England,,,,
E14000839,North Dorset,England,,,,
N06000013,North Down,Northern Ireland,,,,
E14000840,North Durham,England,,,,
E14000841,North East Bedfordshire,England,,,,
E14000842,North East Cambridgeshire,England,,,,
E14000843,North East Derbyshire,England,,,,
S14000049,North East Fife,Scotland,,,,
E14000844,North East Hampshire,England,,,,
E14000845,North East Hertfordshire,England,,,,
E14000846,North East Somerset,England,,,,
E14000847,North Herefordshire,England,,,,
E14000848,North Norfolk,England,,,,
E14000849,North Shropshire,England,,,,
E14000850,North Somerset,England,,,,
E14000851,North Swindon,England,,,,
E14000852,North Thanet,England,,,,
E14000853,North Tyneside,England,,,,
E14000854,North Warwickshire,England,,,,
E14000855,North West Cambridgeshire,England,,,,
E14000856,North West Durham,England,,,,
E14000857,North West Hampshire,England,,,,
E14000858,North West Leicestershire,England,,,,
E14000859,North West Norfolk,England,,,,
E14000860,North Wiltshire,England,,,,
E14000863,Norwich North,England,,,,
E14000864,Norwich South,England,,,,
E14000865,Nottingham East,England,,,,
E14000866,Nottingham North,England,,,,
E14000867,Nottingham South,England,,,,
E14000868,Nuneaton,England,,,,
S14000050,Ochil and South Perthshire,Scotland,,,,
W07000074,Ogmore,Wales,,,,
E14000869,Old Bexley and Sidcup,England,,,,
E14000870,Oldham East and Saddleworth,England,,,,
E14000871,Oldham West and Royton,England,,,,
S14000051,Orkney and Shetland,Scotland,,,,
E14000872,Orpington,England,,,,
E14000873,Oxford East,England,,,,
E14000874,Oxford West and Abingdon,England,,,,
S14000052,Paisley and Renfrewshire North,Scotland,,,,
S14000053,Paisley and Renfrewshire South,Scotland,,,,
E14000875,Pendle,England,,,,
E14000876,Penistone and Stocksbridge,England,,,,
E14000877,Penrith and The Border,England,,,,
S14000054,Perth and North Perthshire,Scotland,,,,
E14000878,Peterborough,England,,,,
E14000879,"Plymouth, Moor View",England,,,,
E14000880,"Plymouth, Sutton and Devonport",England,,,,
W07000075,Pontypridd,Wales,,,,
E14000881,Poole,England,,,,
E14000882,Poplar and Limehouse,England,,,,
E14000883,Portsmouth North,England,,,,
E14000884,Portsmouth South,England,,,,
W07000065,Preseli Pembrokeshire,Wales,,,,
E14000885,Preston,England,,,,
E14000886,Pudsey,England,,,,
E14000887,Putney,England,,,,
E14000888,Rayleigh and Wickford,England,,,,
E14000889,Reading East,England,,,,
E14000890,Reading West,England,,,,
E14000891,Redcar,England,,,,
E14000892,Redditch,England,,,,
E14000893,Reigate,England,,,,
W07000052,Rhondda,Wales,,,,
E14000894,Ribble Valley,England,,,,
E14000896,Richmond Park,England,,,,
E14000895,Richmond (Yorks),England,,,,
E14000897,Rochdale,England,,,,
E14000898,Rochester and Strood,England,,,,
E14000899,Rochford and Southend East,England,,,,
E14000900,Romford,England,,,,
E14000901,Romsey and Southampton North,England,,,,
E14000902,Rossendale and Darwen,England,,,,
S14000055,"Ross, Skye and Lochaber",Scotland,,,,
E14000904,Rotherham,England,,,,
E14000903,Rother Valley,England,,,,
E14000905,Rugby,England,,,,
E14000906,"Ruislip, Northwood and Pinner",England,,,,
E14000907,Runnymede and Weybridge,England,,,,
E14000908,Rushcliffe,England,,,,
S14000056,Rutherglen and Hamilton West,Scotland,,,,
E14000909,Rutland and Melton,England,,,,
E14000910,Saffron Walden,England,,,,
E14000911,Salford and Eccles,England,,,,
E14000912,Salisbury,England,,,,
E14000913,Scarborough and Whitby,England,,,,
E14000914,Scunthorpe,England,,,,
E14000915,Sedgefield,England,,,,
E14000916,Sefton Central,England,,,,
E14000917,Selby and Ainsty,England,,,,
E14000918,Sevenoaks,England,,,,
E14000921,"Sheffield, Brightside and Hillsborough",England,,,,
E14000919,Sheffield Central,England,,,,
E14000922,"Sheffield, Hallam",England,,,,
E14000923,"Sheffield, Heeley",England,,,,
E14000920,Sheffield South East,England,,,,
E14000924,Sherwood,England,,,,
E14000925,Shipley,England,,,,
E14000926,Shrewsbury and Atcham,England,,,,
E14000927,Sittingbourne and Sheppey,England,,,,
E14000928,Skipton and Ripon,England,,,,
E14000929,Sleaford and North Hykeham,England,,,,
E14000930,Slough,England,,,,
E14000931,Solihull,England,,,,
E14000932,Somerton and Frome,England,,,,
E14000955,"Southampton, Itchen",England,,,,
E14000956,"Southampton, Test",England,,,,
N06000014,South Antrim,Northern Ireland,,,,
E14000933,South Basildon and East Thurrock,England,,,,
E14000934,South Cambridgeshire,England,,,,
E14000935,South Derbyshire,England,,,,
E14000936,South Dorset,England,,,,
N06000015,South Down,Northern Ireland,,,,
E14000937,South East Cambridgeshire,England,,,,
E14000938,South East Cornwall,England,,,,
E14000957,Southend West,England,,,,
E14000939,South Holland and The Deepings,England,,,,
E14000940,South Leicestershire,England,,,,
E14000941,South Norfolk,England,,,,
E14000942,South Northamptonshire,England,,,,
E14000958,Southport,England,,,,
E14000943,South Ribble,England,,,,
E14000944,South Shields,England,,,,
E14000945,South Staffordshire,England,,,,
E14000946,South Suffolk,England,,,,
E14000947,South Swindon,England,,,,
E14000948,South Thanet,England,,,,
E14000949,South West Bedfordshire,England,,,,
E14000950,South West Devon,England,,,,
E14000951,South West Hertfordshire,England,,,,
E14000952,South West Norfolk,England,,,,
E14000953,South West Surrey,England,,,,
E14000954,South West Wiltshire,England,,,,
E14000959,Spelthorne,England,,,,
E14000965,Stafford,England,,,,
E14000966,Staffordshire Moorlands,England,,,,
E14000960,St Albans,England,,,,
E14000967,Stalybridge and Hyde,England,,,,
E14000961,St Austell and Newquay,England,,,,
E14000968,Stevenage,England,,,,
E14000962,St Helens North,England,,,,
E14000963,St Helens South and Whiston,England,,,,
S14000057,Stirling,Scotland,,,,
E14000964,St Ives,England,,,,
E14000969,Stockport,England,,,,
E14000970,Stockton North,England,,,,
E14000971,Stockton South,England,,,,
E14000972,Stoke-on-Trent Central,England,,,,
E14000973,Stoke-on-Trent North,England,,,,
E14000974,Stoke-on-Trent South,England,,,,
E14000975,Stone,England,,,,
E14000976,Stourbridge,England,,,,
N06000016,Strangford,Northern Ireland,,,,
E14000977,Stratford-on-Avon,England,,,,
E14000978,Streatham,England,,,,
E14000979,Stretford and Urmston,England,,,,
E14000980,Stroud,England,,,,
E14000981,Suffolk Coastal,England,,,,
E14000982,Sunderland Central,England,,,,
E14000983,Surrey Heath,England,,,,
E14000984,Sutton and Cheam,England,,,,
E14000985,Sutton Coldfield,England,,,,
W07000048,Swansea East,Wales,,,,
W07000047,Swansea West,Wales,,,,
E14000986,Tamworth,England,,,,
E14000987,Tatton,England,,,,
E14000988,Taunton Deane,England,,,,
E14000989,Telford,England,,,,
E14000990,Tewkesbury,England,,,,
E14000991,The Cotswolds,England,,,,
E14000992,The Wrekin,England,,,,
E14000993,Thirsk and Malton,England,,,,
E14000994,Thornbury and Yate,England,,,,
E14000995,Thurrock,England,,,,
E14000996,Tiverton and Honiton,England,,,,
E14000997,Tonbridge and Malling,England,,,,
E14000998,Tooting,England,,,,
E14000999,Torbay,England,,,,
W07000053,Torfaen,Wales,,,,
E14001000,Torridge and West Devon,England,,,,
E14001001,Totnes,England,,,,
E14001002,Tottenham,England,,,,
E14001003,Truro and Falmouth,England,,,,
E14001004,Tunbridge Wells,England,,,,
E14001005,Twickenham,England,,,,
E14001006,Tynemouth,England,,,,
N06000017,Upper Bann,Northern Ireland,,,,
E14001007,Uxbridge and South Ruislip,England,,,,
W07000060,Vale of Clwyd,Wales,,,,
W07000078,Vale of Glamorgan,Wales,,,,
E14001008,Vauxhall,England,,,,
E14001009,Wakefield,England,,,,
E14001010,Wallasey,England,,,,
E14001011,Walsall North,England,,,,
E14001012,Walsall South,England,,,,
E14001013,Walthamstow,England,,,,
E14001014,Wansbeck,England,,,,
E14001015,Wantage,England,,,,
E14001016,Warley,England,,,,
E14001017,Warrington North,England,,,,
E14001018,Warrington South,England,,,,
E14001019,Warwick and Leamington,England,,,,
E14001020,Washington and Sunderland West,England,,,,
E14001021,Watford,England,,,,
E14001022,Waveney,England,,,,
E14001023,Wealden,England,,,,
E14001024,Weaver Vale,England,,,,
E14001025,Wellingborough,England,,,,
E14001026,Wells,England,,,,
E14001027,Welwyn Hatfield,England,,,,
E14001028,Wentworth and Dearne,England,,,,
S14000058,West Aberdeenshire and Kincardine,Scotland,,,,
E14001029,West Bromwich East,England,,,,
E14001030,West Bromwich West,England,,,,
E14001031,West Dorset,England,,,,
S14000059,West Dunbartonshire,Scotland,,,,
E14001032,West Ham,England,,,,
E14001033,West Lancashire,England,,,,
E14001036,Westminster North,England,,,,
E14001037,Westmorland and Lonsdale,England,,,,
E14001038,Weston-Super-Mare,England,,,,
E14001034,West Suffolk,England,,,,
N06000018,West Tyrone,Northern Ireland,,,,
E14001035,West Worcestershire,England,,,,
E14001039,Wigan,England,,,,
E14001040,Wimbledon,England,,,,
E14001041,Winchester,England,,,,
E14001042,Windsor,England,,,,
E14001043,Wirral South,England,,,,
E14001044,Wirral West,England,,,,
E14001045,Witham,England,,,,
E14001046,Witney,England,,,,
E14001047,Woking,England,,,,
E14001048,Wokingham,England,,,,
E14001049,Wolverhampton North East,England,,,,
E14001050,Wolverhampton South East,England,,,,
E14001051,Wolverhampton South West,England,,,,
E14001052,Worcester,England,,,,
E14001053,Workington,England,,,,
E14001054,Worsley and Eccles South,England,,,,
E14001055,Worthing West,England,,,,
W07000044,Wrexham,Wales,,,,
E14001056,Wycombe,England,,,,
E14001057,Wyre and Preston North,England,,,,
E14001058,Wyre Forest,England,,,,
E14001059,Wythenshawe and Sale East,England,,,,
E14001060,Yeovil,England,,,,
W07000041,Ynys Mon,Wales,,,,
E14001061,York Central,England,,,,
E14001062,York Outer,England,,,,
